종목코드,종목명,시장구분,업종명,종가,대비,등락률,시가총액
"095570","AJ네트웍스","KOSPI","서비스업","5480","160","3.01","256586176600"
"006840","AK홀딩스","KOSPI","기타금융","19800","-200","-1.00","262301707800"
"027410","BGF","KOSPI","기타금융","5310","60","1.14","508256160210"
"282330","BGF리테일","KOSPI","유통업","147000","0","0.00","2540734182000"
"138930","BNK금융지주","KOSPI","기타금융","8850","30","0.34","2884526927100"
"001460","BYC","KOSPI","섬유의복","470000","-73000","-13.44","293569050000"
"001465","BYC우","KOSPI","섬유의복","180000","-29500","-14.08","38769300000"
"001040","CJ","KOSPI","기타금융","84700","500","0.59","2471291730600"
"079160","CJ CGV","KOSPI","서비스업","24600","150","0.61","933606604800"
"00104K","CJ4우(전환)","KOSPI","기타금융","72500","200","0.28","306422120000"
"000120","CJ대한통운","KOSPI","운수창고업","129500","-1000","-0.77","2954198548000"
"011150","CJ씨푸드","KOSPI","음식료품","3740","-45","-1.19","134381091020"
"011155","CJ씨푸드1우","KOSPI","음식료품","37250","50","0.13","7450000000"
"001045","CJ우","KOSPI","기타금융","54900","700","1.29","124086242700"
"097950","CJ제일제당","KOSPI","음식료품","387500","-3500","-0.90","5833497075000"
"097955","CJ제일제당 우","KOSPI","음식료품","179500","0","0.00","238274223500"
"000590","CS홀딩스","KOSPI","기타금융","64000","1200","1.91","73886848000"
"012030","DB","KOSPI","서비스업","917","5","0.55","184476496561"
"016610","DB금융투자","KOSPI","증권","6790","10","0.15","288210981310"
"005830","DB손해보험","KOSPI","보험","58700","600","1.03","4155960000000"
"000990","DB하이텍","KOSPI","전기전자","71000","100","0.14","3152299748000"
"000995","DB하이텍1우","KOSPI","전기전자","101500","-1500","-1.46","11400074000"
"139130","DGB금융지주","KOSPI","기타금융","9800","0","0.00","1657629163400"
"001530","DI동일","KOSPI","유통업","287000","4500","1.59","720557985000"
"000210","DL","KOSPI","기타금융","63900","200","0.31","1339080987600"
"001880","DL건설","KOSPI","건설업","27150","300","1.12","598746660600"
"000215","DL우","KOSPI","기타금융","38400","200","0.52","64746816000"
"375500","DL이앤씨","KOSPI","건설업","124000","1000","0.81","2400483512000"
"37550K","DL이앤씨우","KOSPI","건설업","71200","300","0.42","150508612000"
"004840","DRB동일","KOSPI","화학","5050","10","0.20","100646500000"
"155660","DSR","KOSPI","철강금속","5780","200","3.58","92480000000"
"069730","DSR제강","KOSPI","철강금속","4820","160","3.43","69408000000"
"017940","E1","KOSPI","유통업","49450","450","0.92","339227000000"
"365550","ESR켄달스퀘어리츠","KOSPI","서비스업","6380","-90","-1.39","913992420000"
"383220","F&F","KOSPI","섬유의복","880000","0","0.00","6742045200000"
"007700","F&F홀딩스","KOSPI","기타금융","33350","50","0.15","1304464139450"
"114090","GKL","KOSPI","서비스업","13200","350","2.72","816494844000"
"078930","GS","KOSPI","기타금융","41150","500","1.23","3823467804700"
"006360","GS건설","KOSPI","건설업","41800","400","0.97","3577306282000"
"001250","GS글로벌","KOSPI","유통업","2360","-10","-0.42","194779683040"
"007070","GS리테일","KOSPI","유통업","30900","150","0.49","3235783789800"
"078935","GS우","KOSPI","기타금융","36650","100","0.27","65413872900"
"012630","HDC","KOSPI","기타금융","10500","100","0.96","627288070500"
"039570","HDC랩스","KOSPI","건설업","12450","-100","-0.80","323172132450"
"089470","HDC현대EP","KOSPI","화학","5980","-30","-0.50","190762000000"
"294870","HDC현대산업개발","KOSPI","건설업","23500","150","0.64","1548822255000"
"011200","HMM","KOSPI","운수창고업","27650","-500","-1.78","13521942064400"
"082740","HSD엔진","KOSPI","기계","8370","-30","-0.36","391056829020"
"003560","IHQ","KOSPI","서비스업","1445","15","1.05","211310655860"
"175330","JB금융지주","KOSPI","기타금융","8670","50","0.58","1707841690980"
"234080","JW생명과학","KOSPI","의약품","14150","50","0.35","224058939100"
"001060","JW중외제약","KOSPI","의약품","22900","50","0.22","493264305400"
"001067","JW중외제약2우B","KOSPI","의약품","60500","1400","2.37","6050000000"
"001065","JW중외제약우","KOSPI","의약품","34700","200","0.58","6158764200"
"096760","JW홀딩스","KOSPI","기타금융","3395","5","0.15","232357812890"
"105560","KB금융","KOSPI","기타금융","57400","0","0.00","23867374608000"
"002380","KCC","KOSPI","화학","308000","2000","0.65","2737033068000"
"344820","KCC글라스","KOSPI","비금속광물","60100","0","0.00","959827771200"
"009070","KCTC","KOSPI","운수창고업","6500","-180","-2.69","195000000000"
"009440","KC그린홀딩스","KOSPI","기타금융","4185","50","1.21","93890391300"
"119650","KC코트렐","KOSPI","기계","5990","10","0.17","105424000000"
"092220","KEC","KOSPI","전기전자","3660","0","0.00","529668396060"
"016380","KG동부제철","KOSPI","철강금속","10750","100","0.94","1075095642750"
"016385","KG동부제철우","KOSPI","철강금속","97100","-100","-0.10","5183683500"
"001390","KG케미칼","KOSPI","화학","30650","-50","-0.16","424995842400"
"033180","KH 필룩스","KOSPI","전기전자","2535","-25","-0.98","346611219240"
"001940","KISCO홀딩스","KOSPI","철강금속","15000","50","0.33","277145700000"
"025000","KPX케미칼","KOSPI","화학","54900","0","0.00","265716000000"
"092230","KPX홀딩스","KOSPI","화학","65700","300","0.46","277559242200"
"000040","KR모터스","KOSPI","운수장비","869","9","1.05","83543372792"
"044450","KSS해운","KOSPI","운수창고업","11700","0","0.00","271274796000"
"030200","KT","KOSPI","통신업","32750","250","0.77","8551411712000"
"033780","KT&G","KOSPI","기타제조업","84200","-800","-0.94","11560028247400"
"030210","KTB투자증권","KOSPI","증권","5450","20","0.37","328711801400"
"058850","KTcs","KOSPI","서비스업","2570","25","0.98","109700450000"
"058860","KTis","KOSPI","서비스업","2500","15","0.60","87005000000"
"093050","LF","KOSPI","섬유의복","17150","0","0.00","501466000000"
"003550","LG","KOSPI","기타금융","82500","100","0.12","12977331922500"
"034220","LG디스플레이","KOSPI","전기전자","23150","100","0.43","8283433455000"
"051900","LG생활건강","KOSPI","화학","1122000","4000","0.36","17523617034000"
"051905","LG생활건강우","KOSPI","화학","616000","0","0.00","1293413352000"
"003555","LG우","KOSPI","기타금융","64700","500","0.78","195498814000"
"032640","LG유플러스","KOSPI","통신업","14150","0","0.00","6178050758150"
"011070","LG이노텍","KOSPI","전기전자","361000","-500","-0.14","8543825627000"
"066570","LG전자","KOSPI","전기전자","136500","-500","-0.36","22337926611000"
"066575","LG전자우","KOSPI","전기전자","65400","-100","-0.15","1123963876800"
"037560","LG헬로비전","KOSPI","서비스업","5600","60","1.08","433702444000"
"051910","LG화학","KOSPI","화학","621000","-13000","-2.05","43837845003000"
"051915","LG화학우","KOSPI","화학","296000","0","0.00","2275884800000"
"079550","LIG넥스원","KOSPI","기계","62700","200","0.32","1379400000000"
"006260","LS","KOSPI","기타금융","53600","-200","-0.37","1725920000000"
"010120","LS ELECTRIC","KOSPI","전기전자","56000","100","0.18","1680000000000"
"000680","LS네트웍스","KOSPI","유통업","3035","30","1.00","239167153560"
"229640","LS전선아시아","KOSPI","기타금융","7840","0","0.00","240099051360"
"001120","LX인터내셔널","KOSPI","유통업","27250","1100","4.21","1056210000000"
"108670","LX하우시스","KOSPI","화학","62100","-300","-0.48","556892307000"
"108675","LX하우시스우","KOSPI","화학","28800","0","0.00","29731104000"
"383800","LX홀딩스","KOSPI","기타금융","10050","130","1.31","766620934500"
"38380K","LX홀딩스1우","KOSPI","기타금융","15750","550","3.62","23078238750"
"023150","MH에탄올","KOSPI","음식료품","10600","200","1.92","78212375600"
"035420","NAVER","KOSPI","서비스업","384000","6000","1.59","62994848640000"
"181710","NHN","KOSPI","서비스업","93200","-1100","-1.17","1823460330000"
"400760","NH올원리츠","KOSPI","서비스업","5230","-20","-0.38","220706000000"
"005940","NH투자증권","KOSPI","증권","13400","50","0.37","3980254085800"
"005945","NH투자증권우","KOSPI","증권","12700","0","0.00","239661293600"
"338100","NH프라임리츠","KOSPI","서비스업","4775","-5","-0.10","89101500000"
"034310","NICE","KOSPI","서비스업","16300","0","0.00","617481490000"
"008260","NI스틸","KOSPI","철강금속","3375","60","1.81","96525394875"
"004250","NPC","KOSPI","화학","9770","270","2.84","358754400000"
"004255","NPC우","KOSPI","화학","4190","190","4.75","22123200000"
"010060","OCI","KOSPI","화학","105000","1000","0.96","2504183955000"
"178920","PI첨단소재","KOSPI","화학","53200","-400","-0.75","1562288330400"
"005490","POSCO","KOSPI","철강금속","284000","500","0.18","24761061140000"
"010950","S-Oil","KOSPI","화학","88700","100","0.11","9986093650400"
"010955","S-Oil우","KOSPI","화학","57900","2000","3.58","232869573300"
"034120","SBS","KOSPI","서비스업","45900","0","0.00","837793513800"
"101060","SBS미디어홀딩스","KOSPI","서비스업","1930","0","0.00","269999646700"
"005090","SGC에너지","KOSPI","전기가스업","45500","400","0.89","667803682000"
"001380","SG글로벌","KOSPI","운수장비","1835","5","0.27","82509202405"
"004060","SG세계물산","KOSPI","유통업","670","7","1.06","135624723200"
"001770","SHD","KOSPI","철강금속","29450","750","2.61","35778157100"
"002360","SH에너지화학","KOSPI","화학","985","-35","-3.43","109466724050"
"009160","SIMPAC","KOSPI","기계","6430","-20","-0.31","420711787880"
"123700","SJM","KOSPI","운수장비","4825","60","1.26","75293632850"
"025530","SJM홀딩스","KOSPI","유통업","3740","65","1.77","55853189920"
"034730","SK","KOSPI","기타금융","255000","0","0.00","17941875735000"
"011790","SKC","KOSPI","화학","170500","-500","-0.29","6456544809000"
"018670","SK가스","KOSPI","유통업","131500","-4500","-3.31","1213777086000"
"001740","SK네트웍스","KOSPI","유통업","5040","10","0.20","1250865740880"
"001745","SK네트웍스우","KOSPI","유통업","87700","200","0.23","9966929600"
"006120","SK디스커버리","KOSPI","기타금융","47250","100","0.21","899538648750"
"006125","SK디스커버리우","KOSPI","기타금융","37000","-300","-0.80","50262835000"
"210980","SK디앤디","KOSPI","서비스업","31150","0","0.00","691223608600"
"068400","SK렌터카","KOSPI","서비스업","10300","100","0.98","487044152000"
"395400","SK리츠","KOSPI","서비스업","6260","20","0.32","970428530320"
"302440","SK바이오사이언스","KOSPI","의약품","239000","-10500","-4.21","18283500000000"
"326030","SK바이오팜","KOSPI","서비스업","98100","0","0.00","7682529825000"
"402340","SK스퀘어","KOSPI","기타금융","65800","900","1.39","9308566171800"
"361610","SK아이이테크놀로지","KOSPI","전기전자","162000","3500","2.21","11550209904000"
"03473K","SK우","KOSPI","기타금융","223000","1000","0.45","126248105000"
"096770","SK이노베이션","KOSPI","화학","223500","7000","3.23","20666053554000"
"096775","SK이노베이션우","KOSPI","화학","138000","2500","1.85","172282788000"
"001510","SK증권","KOSPI","증권","1010","0","0.00","477316072710"
"001515","SK증권우","KOSPI","증권","4010","15","0.38","15689181140"
"285130","SK케미칼","KOSPI","화학","153000","1500","0.99","2695979340000"
"28513K","SK케미칼우","KOSPI","화학","91600","200","0.22","193773296400"
"017670","SK텔레콤","KOSPI","통신업","61700","-1000","-1.59","13502004984800"
"000660","SK하이닉스","KOSPI","전기전자","128000","500","0.39","93184302720000"
"064960","SNT모티브","KOSPI","운수장비","47350","2750","6.17","692405489600"
"100840","SNT에너지","KOSPI","기계","18700","200","1.08","140375495700"
"003570","SNT중공업","KOSPI","운수장비","8910","70","0.79","296281530270"
"036530","SNT홀딩스","KOSPI","기타금융","17600","50","0.28","286948393600"
"005610","SPC삼립","KOSPI","음식료품","71000","-200","-0.28","612659639000"
"011810","STX","KOSPI","유통업","4095","280","7.34","117204854130"
"077970","STX엔진","KOSPI","기계","9560","650","7.30","219965122240"
"071970","STX중공업","KOSPI","기계","4765","500","11.72","135163875640"
"002820","SUN&L","KOSPI","종이목재","4910","25","0.51","61905225990"
"084870","TBH글로벌","KOSPI","섬유의복","2500","80","3.31","52142047500"
"002710","TCC스틸","KOSPI","철강금속","8390","-90","-1.06","197165000000"
"002900","TYM","KOSPI","기계","1770","-10","-0.56","268207342440"
"024070","WISCOM","KOSPI","화학","3380","20","0.60","51803360440"
"037270","YG PLUS","KOSPI","서비스업","7970","0","0.00","505532397700"
"000500","가온전선","KOSPI","전기전자","23900","-50","-0.21","99432293300"
"000860","강남제비스코","KOSPI","화학","24100","1150","5.01","156650000000"
"035250","강원랜드","KOSPI","서비스업","24100","0","0.00","5155966050000"
"011420","갤럭시아에스엠","KOSPI","서비스업","3010","40","1.35","82924428440"
"002100","경농","KOSPI","화학","11950","200","1.70","233294771250"
"009450","경동나비엔","KOSPI","전기전자","53100","100","0.19","773592235200"
"267290","경동도시가스","KOSPI","전기가스업","22950","-200","-0.86","135299567700"
"012320","경동인베스트","KOSPI","기타금융","34800","100","0.29","82302800400"
"000050","경방","KOSPI","유통업","13800","0","0.00","378330726000"
"214390","경보제약","KOSPI","의약품","9690","90","0.94","231657473400"
"012610","경인양행","KOSPI","화학","6840","120","1.79","284382336600"
"009140","경인전자","KOSPI","전기전자","37100","300","0.82","58276568700"
"013580","계룡건설","KOSPI","건설업","33450","450","1.36","298738839150"
"012200","계양전기","KOSPI","기계","4070","5","0.12","132682000000"
"012205","계양전기우","KOSPI","기계","6880","0","0.00","9632000000"
"002140","고려산업","KOSPI","음식료품","2900","65","2.29","72324332500"
"010130","고려아연","KOSPI","철강금속","535000","-7000","-1.29","10095450000000"
"002240","고려제강","KOSPI","철강금속","19550","50","0.26","449650000000"
"009290","광동제약","KOSPI","의약품","7390","30","0.41","387390088890"
"017040","광명전기","KOSPI","전기전자","2455","15","0.61","106393844825"
"017900","광전자","KOSPI","전기전자","3130","-20","-0.63","181363978190"
"037710","광주신세계","KOSPI","유통업","178000","-1000","-0.56","284800000000"
"030610","교보증권","KOSPI","증권","8740","-10","-0.11","565069807040"
"339770","교촌에프앤비","KOSPI","유통업","16450","100","0.61","410962783000"
"007690","국도화학","KOSPI","화학","57900","1600","2.84","521714666400"
"005320","국동","KOSPI","유통업","2745","-50","-1.79","149335554240"
"001140","국보","KOSPI","운수창고업","1595","40","2.57","102926216085"
"002720","국제약품","KOSPI","의약품","5810","80","1.40","111994082900"
"083420","그린케미칼","KOSPI","화학","9300","100","1.09","223200000000"
"014530","극동유화","KOSPI","화학","4020","120","3.08","140175068400"
"014280","금강공업","KOSPI","철강금속","7820","10","0.13","229355571740"
"014285","금강공업우","KOSPI","철강금속","12800","100","0.79","7550400000"
"008870","금비","KOSPI","비금속광물","64500","800","1.26","64500000000"
"001570","금양","KOSPI","화학","4700","25","0.53","229388218800"
"002990","금호건설","KOSPI","건설업","12100","250","2.11","443270480400"
"002995","금호건설우","KOSPI","건설업","32400","500","1.57","9469418400"
"011780","금호석유","KOSPI","화학","184500","0","0.00","5621288989500"
"011785","금호석유우","KOSPI","화학","124500","2500","2.05","376424007000"
"214330","금호에이치티","KOSPI","운수장비","2050","-10","-0.49","402842898550"
"001210","금호전기","KOSPI","전기전자","3375","-115","-3.30","66282495750"
"073240","금호타이어","KOSPI","화학","4565","90","2.01","1311343210155"
"092440","기신정기","KOSPI","기계","4160","0","0.00","121472000000"
"000270","기아","KOSPI","운수장비","85100","900","1.07","34496420829700"
"024110","기업은행","KOSPI","은행","11150","0","0.00","8298951545050"
"013700","까뮤이앤씨","KOSPI","건설업","2605","130","5.25","117621689400"
"004540","깨끗한나라","KOSPI","종이목재","4110","50","1.23","153059248230"
"004545","깨끗한나라우","KOSPI","종이목재","22350","100","0.45","8183676000"
"001260","남광토건","KOSPI","건설업","13450","1550","13.03","132198718450"
"008350","남선알미늄","KOSPI","철강금속","2475","30","1.23","272693247750"
"008355","남선알미우","KOSPI","철강금속","22500","450","2.04","6927525000"
"004270","남성","KOSPI","유통업","3170","55","1.77","114792547200"
"003920","남양유업","KOSPI","음식료품","403000","0","0.00","290160000000"
"003925","남양유업우","KOSPI","음식료품","198000","0","0.00","32999076000"
"025860","남해화학","KOSPI","화학","10050","50","0.50","499272372150"
"005720","넥센","KOSPI","화학","4570","-15","-0.33","244695974890"
"005725","넥센우","KOSPI","화학","3300","0","0.00","11881980000"
"002350","넥센타이어","KOSPI","화학","6710","10","0.15","655351454670"
"002355","넥센타이어1우B","KOSPI","화학","3285","15","0.46","21352500000"
"003580","넥스트사이언스","KOSPI","광업","21250","500","2.41","893899036250"
"251270","넷마블","KOSPI","서비스업","121000","0","0.00","10400373742000"
"090350","노루페인트","KOSPI","화학","12750","500","4.08","255000000000"
"090355","노루페인트우","KOSPI","화학","20550","500","2.49","9517239300"
"000320","노루홀딩스","KOSPI","기타금융","12450","200","1.63","165474829950"
"000325","노루홀딩스우","KOSPI","기타금융","37400","950","2.61","6928350000"
"006280","녹십자","KOSPI","의약품","218500","1500","0.69","2553508553000"
"005250","녹십자홀딩스","KOSPI","서비스업","26250","0","0.00","1234490512500"
"005257","녹십자홀딩스2우","KOSPI","서비스업","51600","-400","-0.77","43653084000"
"004370","농심","KOSPI","음식료품","315500","1000","0.32","1919073551000"
"072710","농심홀딩스","KOSPI","기타금융","76400","100","0.13","354327156000"
"058730","다스코","KOSPI","기계","4700","70","1.51","79319836700"
"023590","다우기술","KOSPI","서비스업","22750","50","0.22","1020715536750"
"145210","다이나믹디자인","KOSPI","기계","501","-9","-1.76","79302912246"
"019680","대교","KOSPI","서비스업","3855","15","0.39","326529486750"
"019685","대교우B","KOSPI","서비스업","2715","50","1.88","52744277850"
"006370","대구백화점","KOSPI","유통업","11900","250","2.15","128777170900"
"008060","대덕","KOSPI","기타금융","8160","-40","-0.49","276543624000"
"00806K","대덕1우","KOSPI","기타금융","10950","150","1.39","13275309150"
"353200","대덕전자","KOSPI","전기전자","23550","300","1.29","1163768583750"
"35320K","대덕전자1우","KOSPI","전기전자","15050","100","0.67","31537560950"
"000490","대동","KOSPI","기계","10000","0","0.00","237282100000"
"008110","대동전자","KOSPI","전기전자","8800","0","0.00","92315933600"
"005750","대림B&Co","KOSPI","비금속광물","7250","-30","-0.41","120873740000"
"006570","대림통상","KOSPI","기계","3400","40","1.19","51765000000"
"001680","대상","KOSPI","음식료품","23450","150","0.64","812496186250"
"001685","대상우","KOSPI","음식료품","17600","100","0.57","24115924800"
"084690","대상홀딩스","KOSPI","기타금융","9650","30","0.31","349450991700"
"084695","대상홀딩스우","KOSPI","기타금융","11600","-400","-3.33","10596391200"
"128820","대성산업","KOSPI","유통업","4575","-60","-1.29","206952311850"
"117580","대성에너지","KOSPI","전기가스업","9250","-350","-3.65","254375000000"
"016710","대성홀딩스","KOSPI","서비스업","46350","50","0.11","745746424650"
"003540","대신증권","KOSPI","증권","20850","-50","-0.24","1058625390000"
"003547","대신증권2우B","KOSPI","증권","17350","0","0.00","173500000000"
"003545","대신증권우","KOSPI","증권","17950","50","0.28","466700000000"
"009190","대양금속","KOSPI","철강금속","4860","-60","-1.22","153356240520"
"014160","대영포장","KOSPI","종이목재","2575","5","0.19","279115963675"
"047040","대우건설","KOSPI","건설업","5870","70","1.21","2439704885060"
"009320","대우부품","KOSPI","운수장비","2525","70","2.85","120307096875"
"042660","대우조선해양","KOSPI","운수장비","23000","-100","-0.43","2467685387000"
"003090","대웅","KOSPI","기타금융","31300","500","1.62","1819843974000"
"069620","대웅제약","KOSPI","의약품","146000","-500","-0.34","1691639950000"
"000430","대원강업","KOSPI","운수장비","3760","25","0.67","233120000000"
"006340","대원전선","KOSPI","전기전자","1720","45","2.69","122149183240"
"006345","대원전선우","KOSPI","전기전자","3000","-30","-0.99","7863600000"
"003220","대원제약","KOSPI","의약품","16850","-400","-2.32","357638267550"
"024890","대원화성","KOSPI","화학","4115","-25","-0.60","169740260480"
"002880","대유에이텍","KOSPI","운수장비","1290","30","2.38","148471407060"
"000300","대유플러스","KOSPI","전기전자","1305","90","7.41","157903400070"
"012800","대창","KOSPI","철강금속","1825","60","3.40","166331410675"
"015230","대창단조","KOSPI","운수장비","7750","70","0.91","110717391250"
"001070","대한방직","KOSPI","섬유의복","48000","200","0.42","254400000000"
"006650","대한유화","KOSPI","화학","194000","1500","0.78","1261000000000"
"001440","대한전선","KOSPI","전기전자","1750","65","3.86","1498827765750"
"084010","대한제강","KOSPI","철강금속","15750","0","0.00","388186060500"
"001790","대한제당","KOSPI","음식료품","3030","10","0.33","271780637400"
"001795","대한제당우","KOSPI","음식료품","3275","-20","-0.61","21231039000"
"001130","대한제분","KOSPI","음식료품","155500","1500","0.97","262795000000"
"003490","대한항공","KOSPI","운수창고업","29200","0","0.00","10156368090000"
"003495","대한항공우","KOSPI","운수창고업","36700","150","0.41","40766139800"
"005880","대한해운","KOSPI","운수창고업","2560","0","0.00","817094297600"
"003830","대한화섬","KOSPI","화학","122000","1500","1.24","162016000000"
"016090","대현","KOSPI","섬유의복","2240","40","1.82","99192374400"
"069460","대호에이엘","KOSPI","철강금속","3460","15","0.44","174851570560"
"192080","더블유게임즈","KOSPI","서비스업","58100","1400","2.47","1067558566200"
"012510","더존비즈온","KOSPI","서비스업","73600","-1200","-1.60","2236172902400"
"004830","덕성","KOSPI","화학","14800","0","0.00","232064000000"
"004835","덕성우","KOSPI","화학","16850","100","0.60","23455200000"
"024900","덕양산업","KOSPI","운수장비","3300","100","3.13","107464434000"
"145720","덴티움","KOSPI","의료정밀","66600","700","1.06","737184078000"
"002150","도화엔지니어링","KOSPI","서비스업","7660","30","0.39","258295200000"
"001230","동국제강","KOSPI","철강금속","16050","150","0.94","1531695428850"
"023450","동남합성","KOSPI","화학","64600","1300","2.05","233206000000"
"004140","동방","KOSPI","운수창고업","3910","-155","-3.81","187569605060"
"007590","동방아그로","KOSPI","화학","7210","100","1.41","98182730170"
"005960","동부건설","KOSPI","건설업","15350","150","0.99","349041255400"
"005965","동부건설우","KOSPI","건설업","40900","700","1.74","9232438800"
"026960","동서","KOSPI","유통업","30050","50","0.17","2995985000000"
"002210","동성제약","KOSPI","의약품","8230","0","0.00","214810983100"
"102260","동성케미컬","KOSPI","서비스업","4935","35","0.71","245218807680"
"000640","동아쏘시오홀딩스","KOSPI","기타금융","114000","0","0.00","723615684000"
"170900","동아에스티","KOSPI","의약품","71300","0","0.00","602203008500"
"028100","동아지질","KOSPI","건설업","17000","250","1.49","195500000000"
"282690","동아타이어","KOSPI","화학","12800","200","1.59","175782592000"
"001520","동양","KOSPI","비금속광물","1500","25","1.69","358026094500"
"001527","동양2우B","KOSPI","비금속광물","16150","550","3.53","4983389350"
"001529","동양3우B","KOSPI","비금속광물","31400","-800","-2.48","2817270800"
"084670","동양고속","KOSPI","운수창고업","17250","0","0.00","49948565250"
"082640","동양생명","KOSPI","보험","6870","20","0.29","1108533478950"
"001525","동양우","KOSPI","비금속광물","7830","60","0.77","4836833730"
"008970","동양철관","KOSPI","철강금속","1240","10","0.81","147417759600"
"092780","동양피스톤","KOSPI","운수장비","6220","50","0.81","81907821200"
"049770","동원F&B","KOSPI","음식료품","195000","1000","0.52","752529180000"
"018500","동원금속","KOSPI","운수장비","923","25","2.78","43154803159"
"006040","동원산업","KOSPI","농업, 임업 및 어업","232000","5000","2.20","853212712000"
"030720","동원수산","KOSPI","농업, 임업 및 어업","9230","-50","-0.54","42954620150"
"014820","동원시스템즈","KOSPI","화학","52400","100","0.19","1529472736400"
"014825","동원시스템즈우","KOSPI","화학","33250","150","0.45","8823153500"
"163560","동일고무벨트","KOSPI","화학","7210","10","0.14","100219000000"
"004890","동일산업","KOSPI","철강금속","146000","500","0.34","354081390000"
"002690","동일제강","KOSPI","철강금속","2780","30","1.09","56435000800"
"000020","동화약품","KOSPI","의약품","14450","-200","-1.37","403609741500"
"000150","두산","KOSPI","서비스업","117500","2500","2.17","1941550612500"
"000157","두산2우B","KOSPI","서비스업","104500","1000","0.97","93322471000"
"241560","두산밥캣","KOSPI","기계","40450","600","1.51","4055078764700"
"000155","두산우","KOSPI","서비스업","80900","500","0.62","323313775800"
"034020","두산중공업","KOSPI","기계","20250","-150","-0.74","10548647739000"
"336260","두산퓨얼셀","KOSPI","전기전자","51000","-500","-0.97","3340180026000"
"33626K","두산퓨얼셀1우","KOSPI","전기전자","14900","-100","-0.67","199126580000"
"33626L","두산퓨얼셀2우B","KOSPI","전기전자","17900","50","0.28","53454770000"
"016740","두올","KOSPI","운수장비","4340","-45","-1.03","143509391200"
"192650","드림텍","KOSPI","전기전자","10900","50","0.46","712241653900"
"024090","디씨엠","KOSPI","철강금속","21550","-1350","-5.90","252135000000"
"003160","디아이","KOSPI","의료정밀","9150","130","1.44","288195582750"
"092200","디아이씨","KOSPI","운수장비","5390","1240","29.88","209609386910"
"377190","디앤디플랫폼리츠","KOSPI","서비스업","5380","-40","-0.74","346472000000"
"013570","디와이","KOSPI","기타금융","6460","230","3.69","170024829180"
"210540","디와이파워","KOSPI","기계","12550","0","0.00","138573435400"
"007340","디티알오토모티브","KOSPI","전기전자","60000","1600","2.74","599640300000"
"026890","디피씨","KOSPI","전기전자","14100","100","0.71","587662267500"
"115390","락앤락","KOSPI","화학","11000","-200","-1.79","567054554000"
"032350","롯데관광개발","KOSPI","서비스업","17600","750","4.45","1219251651200"
"089860","롯데렌탈","KOSPI","서비스업","37150","100","0.27","1360955440450"
"330590","롯데리츠","KOSPI","서비스업","5640","0","0.00","1370344505760"
"000400","롯데손해보험","KOSPI","보험","1590","20","1.27","493434748800"
"023530","롯데쇼핑","KOSPI","유통업","88900","500","0.57","2514870319500"
"004000","롯데정밀화학","KOSPI","화학","75900","400","0.53","1958220000000"
"286940","롯데정보통신","KOSPI","서비스업","35400","1400","4.12","545030117400"
"280360","롯데제과","KOSPI","음식료품","122000","0","0.00","782839474000"
"004990","롯데지주","KOSPI","기타금융","30800","150","0.49","3231204499600"
"00499K","롯데지주우","KOSPI","기타금융","47800","1800","3.91","47208379400"
"005300","롯데칠성","KOSPI","음식료품","137000","0","0.00","1271207108000"
"005305","롯데칠성우","KOSPI","음식료품","71600","-100","-0.14","55512196000"
"011170","롯데케미칼","KOSPI","화학","228500","3500","1.56","7831933241500"
"002270","롯데푸드","KOSPI","음식료품","355000","6000","1.72","429214525000"
"071840","롯데하이마트","KOSPI","유통업","25550","350","1.39","603177041600"
"027740","마니커","KOSPI","음식료품","1150","-10","-0.86","73037912200"
"204320","만도","KOSPI","운수장비","62600","4300","7.38","2939515712000"
"001080","만호제강","KOSPI","철강금속","22300","0","0.00","92545000000"
"088980","맥쿼리인프라","KOSPI","기타금융","14250","100","0.71","5769049044750"
"094800","맵스리얼티1","KOSPI","기타금융","4840","-10","-0.21","449318162040"
"138040","메리츠금융지주","KOSPI","기타금융","40600","1600","4.10","5440858536400"
"008560","메리츠증권","KOSPI","증권","5260","0","0.00","3585902845540"
"000060","메리츠화재","KOSPI","보험","32550","-150","-0.46","3926343750000"
"090370","메타랩스","KOSPI","섬유의복","945","20","2.16","69872027085"
"017180","명문제약","KOSPI","의약품","4500","-50","-1.10","152790543000"
"009900","명신산업","KOSPI","운수장비","30600","1450","4.97","1605586069800"
"012690","모나리자","KOSPI","종이목재","3770","20","0.53","137873631350"
"005360","모나미","KOSPI","유통업","4435","35","0.80","83809556545"
"204210","모두투어리츠","KOSPI","서비스업","4635","255","5.82","36277287525"
"009680","모토닉","KOSPI","운수장비","10750","150","1.42","354750000000"
"009580","무림P&P","KOSPI","종이목재","4360","30","0.69","271925892640"
"009200","무림페이퍼","KOSPI","종이목재","2520","40","1.61","104855461200"
"033920","무학","KOSPI","음식료품","8500","90","1.07","242250000000"
"008420","문배철강","KOSPI","철강금속","3775","25","0.67","77400731375"
"025560","미래산업","KOSPI","의료정밀","13650","500","3.80","60769895550"
"007120","미래아이앤지","KOSPI","서비스업","446","-1","-0.22","57749930008"
"396690","미래에셋글로벌리츠","KOSPI","서비스업","5600","0","0.00","162736000000"
"357250","미래에셋맵스리츠","KOSPI","서비스업","4860","10","0.21","97686000000"
"085620","미래에셋생명","KOSPI","보험","4090","25","0.62","723996213010"
"006800","미래에셋증권","KOSPI","증권","8970","-20","-0.22","5698788179760"
"00680K","미래에셋증권2우B","KOSPI","증권","4830","0","0.00","676200000000"
"006805","미래에셋증권우","KOSPI","증권","5900","20","0.34","83046925000"
"002840","미원상사","KOSPI","화학","198500","1000","0.51","986545000000"
"268280","미원에스씨","KOSPI","화학","215000","5000","2.38","1096500000000"
"107590","미원홀딩스","KOSPI","기타금융","150000","3500","2.39","348000000000"
"134380","미원화학","KOSPI","화학","82700","100","0.12","181879463600"
"003650","미창석유","KOSPI","화학","79900","800","1.01","138999792800"
"155900","바다로19호","KOSPI","서비스업","2955","5","0.17","44916011820"
"003610","방림","KOSPI","섬유의복","2675","-5","-0.19","113190190750"
"001340","백광산업","KOSPI","화학","5250","70","1.35","235821636750"
"035150","백산","KOSPI","화학","8040","170","2.16","194568000000"
"002410","범양건영","KOSPI","건설업","5980","-20","-0.33","148495252360"
"096300","베트남개발1","KOSPI","기타금융","166","0","0.00","22854915026"
"007210","벽산","KOSPI","비금속광물","3615","-150","-3.98","247844400000"
"002760","보락","KOSPI","화학","2015","10","0.50","120698500000"
"003850","보령제약","KOSPI","의약품","14600","-100","-0.68","1002874000000"
"000890","보해양조","KOSPI","음식료품","900","1","0.11","124213031100"
"003000","부광약품","KOSPI","의약품","12900","0","0.00","916713332100"
"001270","부국증권","KOSPI","증권","25100","0","0.00","260284138600"
"001275","부국증권우","KOSPI","증권","23000","-50","-0.22","69000000000"
"026940","부국철강","KOSPI","철강금속","4275","55","1.30","85500000000"
"015350","부산가스","KOSPI","전기가스업","84400","0","0.00","928400000000"
"011390","부산산업","KOSPI","비금속광물","100000","0","0.00","105600000000"
"005030","부산주공","KOSPI","운수장비","584","3","0.52","33200117928"
"002070","비비안","KOSPI","섬유의복","2970","80","2.77","88488150300"
"100220","비상교육","KOSPI","서비스업","7730","20","0.26","100464807930"
"030790","비케이탑스","KOSPI","서비스업","4365","835","23.65","65898666900"
"005180","빙그레","KOSPI","음식료품","52600","200","0.38","518175276600"
"003960","사조대림","KOSPI","음식료품","25400","50","0.20","232777461800"
"008040","사조동아원","KOSPI","음식료품","1100","30","2.80","155259060000"
"007160","사조산업","KOSPI","농업, 임업 및 어업","47000","-1200","-2.49","235000000000"
"014710","사조씨푸드","KOSPI","음식료품","5400","40","0.75","92980132200"
"006090","사조오양","KOSPI","음식료품","9230","210","2.33","86971880970"
"001470","삼부토건","KOSPI","건설업","2035","35","1.75","279927007415"
"006400","삼성SDI","KOSPI","전기전자","651000","8000","1.24","44765709030000"
"006405","삼성SDI우","KOSPI","전기전자","341000","5500","1.64","551702536000"
"006660","삼성공조","KOSPI","운수장비","17450","200","1.16","141804179300"
"028260","삼성물산","KOSPI","유통업","117000","500","0.43","21865788477000"
"02826K","삼성물산우B","KOSPI","유통업","109500","1000","0.92","178203037500"
"207940","삼성바이오로직스","KOSPI","의약품","885000","-11000","-1.23","58556025000000"
"032830","삼성생명","KOSPI","보험","67700","400","0.59","13540000000000"
"018260","삼성에스디에스","KOSPI","서비스업","161000","0","0.00","12457825800000"
"028050","삼성엔지니어링","KOSPI","서비스업","22600","0","0.00","4429600000000"
"009150","삼성전기","KOSPI","전기전자","196500","11500","6.22","14677311264000"
"009155","삼성전기우","KOSPI","전기전자","105500","4000","3.94","306686812000"
"005930","삼성전자","KOSPI","전기전자","80500","600","0.75","480567495275000"
"005935","삼성전자우","KOSPI","전기전자","72800","500","0.69","59906151760000"
"001360","삼성제약","KOSPI","의약품","4850","-15","-0.31","325736083150"
"010140","삼성중공업","KOSPI","운수장비","5610","-20","-0.36","4936800000000"
"010145","삼성중공우","KOSPI","운수장비","220000","500","0.23","25265900000"
"016360","삼성증권","KOSPI","증권","49550","150","0.30","4424815000000"
"068290","삼성출판사","KOSPI","서비스업","32500","0","0.00","325000000000"
"029780","삼성카드","KOSPI","기타금융","34000","-50","-0.15","3939202294000"
"000810","삼성화재","KOSPI","보험","216000","0","0.00","10232964792000"
"000815","삼성화재우","KOSPI","보험","174000","0","0.00","555408000000"
"006110","삼아알미늄","KOSPI","철강금속","27150","100","0.37","298650000000"
"145990","삼양사","KOSPI","음식료품","63500","700","1.11","654904011500"
"145995","삼양사우","KOSPI","음식료품","40800","50","0.12","15098856000"
"003230","삼양식품","KOSPI","음식료품","91900","-1400","-1.50","692284078500"
"002170","삼양통상","KOSPI","기타제조업","58100","100","0.17","174300000000"
"272550","삼양패키징","KOSPI","화학","25100","100","0.40","356666080400"
"000070","삼양홀딩스","KOSPI","기타금융","99000","800","0.81","847862829000"
"000075","삼양홀딩스우","KOSPI","기타금융","69700","100","0.14","21192842600"
"002810","삼영무역","KOSPI","유통업","14800","50","0.34","273310830400"
"005680","삼영전자","KOSPI","전기전자","11250","150","1.35","225000000000"
"003720","삼영화학","KOSPI","화학","2890","20","0.70","98260000000"
"023000","삼원강재","KOSPI","운수장비","3225","-5","-0.15","129000000000"
"004380","삼익THK","KOSPI","기계","12700","100","0.79","266700000000"
"002450","삼익악기","KOSPI","기타제조업","1830","-30","-1.61","165671574450"
"004440","삼일씨엔에스","KOSPI","비금속광물","9300","260","2.88","118407107100"
"000520","삼일제약","KOSPI","의약품","8280","-50","-0.60","112088703240"
"009770","삼정펄프","KOSPI","종이목재","28150","150","0.54","70374183650"
"005500","삼진제약","KOSPI","의약품","26500","100","0.38","368350000000"
"004690","삼천리","KOSPI","전기가스업","89900","200","0.22","364546747500"
"010960","삼호개발","KOSPI","건설업","5100","130","2.62","127500000000"
"004450","삼화왕관","KOSPI","기계","43250","50","0.12","93176891750"
"009470","삼화전기","KOSPI","전기전자","30550","450","1.50","202052201000"
"011230","삼화전자","KOSPI","전기전자","3990","-10","-0.25","41727180600"
"001820","삼화콘덴서","KOSPI","전기전자","59300","1800","3.13","616423500000"
"000390","삼화페인트","KOSPI","화학","9040","170","1.92","245919359760"
"001290","상상인증권","KOSPI","증권","1145","25","2.23","111644158175"
"041650","상신브레이크","KOSPI","운수장비","3960","140","3.66","85026942000"
"075180","새론오토모티브","KOSPI","운수장비","5340","70","1.33","102528000000"
"007540","샘표","KOSPI","기타금융","42200","400","0.96","121358760000"
"248170","샘표식품","KOSPI","음식료품","45100","-1350","-2.91","206029698600"
"007860","서연","KOSPI","기타금융","12250","100","0.82","287628089000"
"200880","서연이화","KOSPI","운수장비","7100","280","4.11","191901902700"
"017390","서울가스","KOSPI","전기가스업","168000","2000","1.20","840000000000"
"004410","서울식품","KOSPI","음식료품","325","4","1.25","121002873875"
"004415","서울식품우","KOSPI","음식료품","3985","-15","-0.38","8864632500"
"021050","서원","KOSPI","철강금속","1910","50","2.69","90676466900"
"008490","서흥","KOSPI","화학","44000","-100","-0.23","509040972000"
"007610","선도전기","KOSPI","전기전자","3465","25","0.73","62370000000"
"136490","선진","KOSPI","음식료품","11150","350","3.24","265142584600"
"014910","성문전자","KOSPI","전기전자","2400","5","0.21","46768456800"
"014915","성문전자우","KOSPI","전기전자","8780","-30","-0.34","5268000000"
"003080","성보화학","KOSPI","화학","4000","30","0.76","80080000000"
"004980","성신양회","KOSPI","비금속광물","16900","-50","-0.29","414321633700"
"004985","성신양회우","KOSPI","비금속광물","18450","-550","-2.89","13572650250"
"011300","성안","KOSPI","섬유의복","787","0","0.00","44747135820"
"000180","성창기업지주","KOSPI","서비스업","2415","-5","-0.21","168450114000"
"002420","세기상사","KOSPI","서비스업","11600","-3550","-23.43","47280672000"
"004360","세방","KOSPI","운수창고업","11750","0","0.00","226877107500"
"004365","세방우","KOSPI","운수창고업","7240","40","0.56","26710170000"
"004490","세방전지","KOSPI","전기전자","75400","-200","-0.26","1055600000000"
"001430","세아베스틸","KOSPI","철강금속","20450","-100","-0.49","733380333550"
"306200","세아제강","KOSPI","철강금속","97100","200","0.21","275404730000"
"003030","세아제강지주","KOSPI","기타금융","102500","500","0.49","424519842500"
"019440","세아특수강","KOSPI","철강금속","16250","100","0.62","139262500000"
"058650","세아홀딩스","KOSPI","철강금속","103500","-1500","-1.43","414000000000"
"013000","세우글로벌","KOSPI","유통업","1740","15","0.87","49946753940"
"091090","세원이앤씨","KOSPI","기계","1110","15","1.37","162003469920"
"021820","세원정공","KOSPI","운수장비","8090","0","0.00","80900000000"
"067830","세이브존I&C","KOSPI","유통업","2925","40","1.39","120044617875"
"033530","세종공업","KOSPI","운수장비","9440","290","3.17","262629871840"
"075580","세진중공업","KOSPI","운수장비","5730","130","2.32","325747382880"
"027970","세하","KOSPI","종이목재","1630","50","3.16","93827685110"
"308170","센트랄모텍","KOSPI","운수장비","22500","350","1.58","193725000000"
"012600","센트럴인사이트","KOSPI","기계","2490","0","0.00","37500376080"
"068270","셀트리온","KOSPI","의약품","201000","0","0.00","27727372728000"
"336370","솔루스첨단소재","KOSPI","전기전자","86100","1000","1.18","2633778163800"
"33637K","솔루스첨단소재1우","KOSPI","전기전자","21950","450","2.09","161692480000"
"33637L","솔루스첨단소재2우B","KOSPI","전기전자","27850","-250","-0.89","45842492500"
"248070","솔루엠","KOSPI","전기전자","22100","-100","-0.45","1105122677100"
"004430","송원산업","KOSPI","화학","20900","-400","-1.88","501600000000"
"017550","수산중공업","KOSPI","기계","2955","-55","-1.83","159526156665"
"053210","스카이라이프","KOSPI","서비스업","9440","60","0.64","451439359040"
"134790","시디즈","KOSPI","기타제조업","61700","0","0.00","123400000000"
"016590","신대양제지","KOSPI","종이목재","82700","2000","2.48","333262971400"
"029530","신도리코","KOSPI","전기전자","33150","200","0.61","334152961350"
"004970","신라교역","KOSPI","농업, 임업 및 어업","13650","-50","-0.36","218400000000"
"011930","신성이엔지","KOSPI","전기전자","2105","-45","-2.09","429618617275"
"005390","신성통상","KOSPI","유통업","3165","-35","-1.09","454837054350"
"004170","신세계","KOSPI","유통업","247000","-500","-0.20","2431759707000"
"035510","신세계 I&C","KOSPI","서비스업","193500","2000","1.04","332820000000"
"034300","신세계건설","KOSPI","건설업","33850","750","2.27","135400000000"
"031430","신세계인터내셔날","KOSPI","유통업","147500","2500","1.72","1053150000000"
"031440","신세계푸드","KOSPI","서비스업","84200","-700","-0.82","326062816000"
"006880","신송홀딩스","KOSPI","유통업","5130","0","0.00","60682041540"
"005800","신영와코루","KOSPI","섬유의복","119500","-500","-0.42","107550000000"
"001720","신영증권","KOSPI","증권","59900","100","0.17","562235596300"
"001725","신영증권우","KOSPI","증권","59900","200","0.34","422520403700"
"009270","신원","KOSPI","섬유의복","2605","35","1.36","248956757865"
"009275","신원우","KOSPI","섬유의복","40200","-850","-2.07","3647748000"
"002700","신일전자","KOSPI","유통업","2095","-5","-0.24","148844556495"
"019170","신풍제약","KOSPI","의약품","31200","50","0.16","1653131688000"
"019175","신풍제약우","KOSPI","의약품","39000","0","0.00","85800000000"
"002870","신풍제지","KOSPI","종이목재","2205","5","0.23","77083933500"
"404990","신한서부티엔디리츠","KOSPI","서비스업","5020","-10","-0.20","280898537680"
"293940","신한알파리츠","KOSPI","서비스업","8020","20","0.25","419687586460"
"055550","신한지주","KOSPI","기타금융","37900","-100","-0.26","19579123096600"
"004080","신흥","KOSPI","유통업","16100","100","0.63","152950000000"
"102280","쌍방울","KOSPI","섬유의복","779","-24","-2.99","204559268491"
"003410","쌍용C&E","KOSPI","비금속광물","7890","70","0.90","3975452204550"
"003620","쌍용차","KOSPI","운수장비","2770","0","0.00","415056805540"
"004770","써니전자","KOSPI","전기전자","3850","360","10.32","134153292350"
"015540","쎌마테라퓨틱스","KOSPI","서비스업","6410","0","0.00","86229499400"
"004920","씨아이테크","KOSPI","기타제조업","1545","80","5.46","61725405855"
"112610","씨에스윈드","KOSPI","기계","64800","1900","3.02","2732706914400"
"008700","아남전자","KOSPI","전기전자","2375","-5","-0.21","183171447500"
"002790","아모레G","KOSPI","화학","45700","250","0.55","3768338826000"
"00279K","아모레G3우(전환)","KOSPI","화학","34550","100","0.29","245035510000"
"002795","아모레G우","KOSPI","화학","17150","550","3.31","110510655500"
"090430","아모레퍼시픽","KOSPI","화학","175500","-1500","-0.85","10265479204500"
"090435","아모레퍼시픽우","KOSPI","화학","73700","0","0.00","778112071000"
"002030","아세아","KOSPI","서비스업","125500","1500","1.21","274973512000"
"183190","아세아시멘트","KOSPI","비금속광물","123000","-500","-0.40","479184507000"
"002310","아세아제지","KOSPI","종이목재","48700","-150","-0.31","436181647400"
"012170","아센디오","KOSPI","서비스업","1320","-5","-0.38","106272138720"
"267850","아시아나IDT","KOSPI","서비스업","16850","100","0.60","187035000000"
"020560","아시아나항공","KOSPI","운수창고업","20150","50","0.25","1499397044600"
"122900","아이마켓코리아","KOSPI","유통업","11100","100","0.91","371060124000"
"010780","아이에스동서","KOSPI","비금속광물","43700","1150","2.70","1350006882200"
"139990","아주스틸","KOSPI","철강금속","18300","100","0.55","484075058700"
"001780","알루코","KOSPI","철강금속","3445","-5","-0.14","309330794240"
"018250","애경산업","KOSPI","화학","19150","150","0.79","505750255250"
"161000","애경케미칼","KOSPI","화학","11350","150","1.34","552162847150"
"011090","에넥스","KOSPI","기타제조업","2600","-30","-1.14","155978266600"
"137310","에스디바이오센서","KOSPI","의료정밀","54000","-400","-0.74","5576653062000"
"005850","에스엘","KOSPI","운수장비","31950","2350","7.94","1540094700150"
"012750","에스원","KOSPI","서비스업","75100","1400","1.90","2853738267800"
"023960","에쓰씨엔지니어링","KOSPI","건설업","3045","130","4.46","91351373295"
"298690","에어부산","KOSPI","운수창고업","2130","30","1.43","413049600000"
"140910","에이리츠","KOSPI","서비스업","9390","170","1.84","39601292100"
"078520","에이블씨엔씨","KOSPI","화학","6280","-20","-0.32","169770122520"
"015260","에이엔피","KOSPI","전기전자","2170","-95","-4.19","48470007530"
"007460","에이프로젠 MED","KOSPI","기계","1525","15","0.99","303711725750"
"003060","에이프로젠제약","KOSPI","의약품","865","1","0.12","344768038455"
"244920","에이플러스에셋","KOSPI","기타금융","9000","10","0.11","203469237000"
"036570","엔씨소프트","KOSPI","서비스업","656000","0","0.00","14401838432000"
"138250","엔에스쇼핑","KOSPI","유통업","12400","50","0.40","417830400000"
"380440","엔에이치스팩19호","KOSPI","기타금융","2070","0","0.00","106170300000"
"085310","엔케이","KOSPI","기계","1015","5","0.50","81183102280"
"900140","엘브이엠씨홀딩스","KOSPI","유통업","3500","75","2.19","348093539500"
"097520","엠씨넥스","KOSPI","전기전자","56600","600","1.07","1017061361200"
"014440","영보화학","KOSPI","화학","4425","5","0.11","88500000000"
"111770","영원무역","KOSPI","유통업","43300","-150","-0.35","1918686564400"
"009970","영원무역홀딩스","KOSPI","기타금융","47450","300","0.64","647008840400"
"003520","영진약품","KOSPI","의약품","5180","-10","-0.19","947384346580"
"000670","영풍","KOSPI","철강금속","664000","-1000","-0.15","1223114560000"
"006740","영풍제지","KOSPI","종이목재","7200","50","0.70","159840000000"
"012280","영화금속","KOSPI","운수장비","1540","25","1.65","82227537700"
"012160","영흥","KOSPI","철강금속","1040","10","0.97","105362786880"
"015360","예스코홀딩스","KOSPI","기타금융","37300","200","0.54","223800000000"
"007310","오뚜기","KOSPI","음식료품","468000","1500","0.32","1718487108000"
"002630","오리엔트바이오","KOSPI","의약품","1230","15","1.23","145857096150"
"271560","오리온","KOSPI","음식료품","105000","0","0.00","4151293860000"
"001800","오리온홀딩스","KOSPI","기타금융","16250","50","0.31","1017988107500"
"011690","와이투솔루션","KOSPI","전기전자","2440","0","0.00","388534954280"
"070960","용평리조트","KOSPI","서비스업","4850","45","0.94","233446665050"
"316140","우리금융지주","KOSPI","기타금융","13400","-50","-0.37","9756011356600"
"118000","우리들휴브레인","KOSPI","유통업","1515","50","3.41","123204970695"
"010050","우리종금","KOSPI","기타금융","906","-1","-0.11","792028285836"
"006980","우성","KOSPI","음식료품","27400","650","2.43","84666000000"
"017370","우신시스템","KOSPI","기계","4120","-15","-0.36","75453902480"
"105840","우진","KOSPI","의료정밀","8000","-50","-0.62","162588912000"
"010400","우진아이엔에스","KOSPI","건설업","7160","70","0.99","54573520000"
"049800","우진플라임","KOSPI","기계","4265","15","0.35","85300000000"
"016880","웅진","KOSPI","기타금융","1725","-5","-0.29","137874213000"
"095720","웅진씽크빅","KOSPI","서비스업","3180","10","0.32","367309032300"
"005820","원림","KOSPI","섬유의복","18650","200","1.08","42857140500"
"010600","웰바이오텍","KOSPI","유통업","1535","-5","-0.32","90069569540"
"008600","윌비스","KOSPI","유통업","1605","-5","-0.31","105563918760"
"033270","유나이티드제약","KOSPI","의약품","47550","100","0.21","772441286100"
"014830","유니드","KOSPI","화학","99900","1400","1.42","888095315700"
"000910","유니온","KOSPI","비금속광물","7190","80","1.13","112247540610"
"047400","유니온머티리얼","KOSPI","비금속광물","3115","-30","-0.95","130830000000"
"011330","유니켐","KOSPI","기타제조업","1305","35","2.76","94858442910"
"077500","유니퀘스트","KOSPI","유통업","11200","-150","-1.32","306241320000"
"002920","유성기업","KOSPI","운수장비","3255","50","1.56","84459112500"
"000700","유수홀딩스","KOSPI","서비스업","6570","10","0.15","171094704840"
"003470","유안타증권","KOSPI","증권","4000","-10","-0.25","798386304000"
"003475","유안타증권우","KOSPI","증권","4180","70","1.70","53973046160"
"072130","유엔젤","KOSPI","서비스업","4970","-10","-0.20","65581406380"
"000220","유유제약","KOSPI","의약품","7660","-240","-3.04","131999808660"
"000225","유유제약1우","KOSPI","의약품","9920","-40","-0.40","22487945600"
"000227","유유제약2우B","KOSPI","의약품","19500","-300","-1.52","6348420000"
"001200","유진투자증권","KOSPI","증권","3760","65","1.76","364217731680"
"000100","유한양행","KOSPI","의약품","64600","200","0.31","4520253151400"
"000105","유한양행우","KOSPI","의약품","61200","600","0.99","72273528000"
"003460","유화증권","KOSPI","증권","2770","25","0.91","157065689550"
"003465","유화증권우","KOSPI","증권","2725","5","0.18","47623258125"
"008730","율촌화학","KOSPI","화학","25700","200","0.78","637360000000"
"008250","이건산업","KOSPI","종이목재","11350","100","0.89","124312407250"
"025820","이구산업","KOSPI","철강금속","3590","-20","-0.55","120056780000"
"214320","이노션","KOSPI","서비스업","54500","100","0.18","1090000000000"
"088260","이리츠코크렙","KOSPI","서비스업","6030","20","0.33","381949787700"
"139480","이마트","KOSPI","유통업","151500","-500","-0.33","4223186578500"
"007660","이수페타시스","KOSPI","전기전자","6420","320","5.25","406042009980"
"005950","이수화학","KOSPI","화학","14550","-50","-0.34","406811365200"
"015020","이스타코","KOSPI","서비스업","2870","20","0.70","122984092000"
"093230","이아이디","KOSPI","유통업","300","0","0.00","282217471500"
"074610","이엔플러스","KOSPI","기계","3455","235","7.30","177425115975"
"102460","이연제약","KOSPI","의약품","35350","-1650","-4.46","636249696950"
"084680","이월드","KOSPI","기타제조업","2900","320","12.40","411237959700"
"350520","이지스레지던스리츠","KOSPI","서비스업","5300","0","0.00","109180000000"
"334890","이지스밸류리츠","KOSPI","서비스업","5840","0","0.00","180297455680"
"000760","이화산업","KOSPI","유통업","15900","0","0.00","44520000000"
"014990","인디에프","KOSPI","섬유의복","1255","25","2.03","88744808725"
"101140","인바이오젠","KOSPI","유통업","3530","105","3.07","188490774600"
"006490","인스코비","KOSPI","통신업","3160","45","1.44","347119996000"
"023800","인지컨트롤스","KOSPI","운수장비","14650","650","4.64","224631570450"
"034590","인천도시가스","KOSPI","전기가스업","27800","-50","-0.18","121618161200"
"129260","인터지스","KOSPI","운수창고업","3445","45","1.32","102481425930"
"023810","인팩","KOSPI","운수장비","13350","600","4.71","133500000000"
"249420","일동제약","KOSPI","의약품","26750","-2100","-7.28","636737873750"
"000230","일동홀딩스","KOSPI","의약품","13750","-600","-4.18","158680500000"
"013360","일성건설","KOSPI","건설업","6000","50","0.84","324149280000"
"003120","일성신약","KOSPI","의약품","74400","0","0.00","197904000000"
"003200","일신방직","KOSPI","섬유의복","105000","500","0.48","252000000000"
"007110","일신석재","KOSPI","유통업","2065","5","0.24","159947899650"
"007570","일양약품","KOSPI","의약품","27850","100","0.36","531535742400"
"007575","일양약품우","KOSPI","의약품","28550","-200","-0.70","12707034000"
"008500","일정실업","KOSPI","섬유의복","33300","-800","-2.35","39960000000"
"081000","일진다이아","KOSPI","화학","31000","450","1.47","440292225000"
"020760","일진디스플","KOSPI","전기전자","2490","30","1.22","85826032140"
"020150","일진머티리얼즈","KOSPI","전기전자","126500","0","0.00","5833020627500"
"103590","일진전기","KOSPI","전기전자","5010","55","1.11","185772753900"
"271940","일진하이솔루스","KOSPI","운수장비","58900","700","1.20","2138846891000"
"015860","일진홀딩스","KOSPI","기타금융","5570","160","2.96","274865480310"
"226320","잇츠한불","KOSPI","화학","17100","0","0.00","374991286500"
"317400","자이에스앤디","KOSPI","서비스업","9380","220","2.40","363780037600"
"033240","자화전자","KOSPI","전기전자","25550","-450","-1.73","457345000000"
"000950","전방","KOSPI","섬유의복","40200","-50","-0.12","67536000000"
"348950","제이알글로벌리츠","KOSPI","서비스업","5420","30","0.56","897552000000"
"194370","제이에스코퍼레이션","KOSPI","기타제조업","20650","350","1.72","275380160650"
"025620","제이준코스메틱","KOSPI","화학","1025","-145","-12.39","76283169100"
"036420","제이콘텐트리","KOSPI","서비스업","49700","500","1.02","903948023300"
"030000","제일기획","KOSPI","서비스업","23600","0","0.00","2714972910000"
"271980","제일약품","KOSPI","의약품","33500","-2650","-7.33","492613212000"
"001560","제일연마","KOSPI","비금속광물","9000","-40","-0.44","90000000000"
"002620","제일파마홀딩스","KOSPI","서비스업","16700","-100","-0.60","266755028500"
"006220","제주은행","KOSPI","은행","6630","-560","-7.79","213013771620"
"089590","제주항공","KOSPI","운수창고업","17150","300","1.78","853378306200"
"004910","조광페인트","KOSPI","화학","8570","90","1.06","109696000000"
"004700","조광피혁","KOSPI","기타제조업","53200","100","0.19","353734141600"
"001550","조비","KOSPI","화학","20350","550","2.78","105662063650"
"000480","조선내화","KOSPI","비금속광물","83400","-100","-0.12","333600000000"
"120030","조선선재","KOSPI","기계","108000","3000","2.86","135826308000"
"018470","조일알미늄","KOSPI","철강금속","2110","55","2.68","216552931310"
"002600","조흥","KOSPI","음식료품","192000","-1000","-0.52","115200000000"
"185750","종근당","KOSPI","의약품","116000","0","0.00","1325427484000"
"063160","종근당바이오","KOSPI","의약품","38800","1100","2.92","212855325600"
"001630","종근당홀딩스","KOSPI","의약품","74600","1200","1.63","373735630600"
"044380","주연테크","KOSPI","전기전자","1295","-10","-0.77","73098801545"
"013890","지누스","KOSPI","기타제조업","76000","300","0.40","1200834200000"
"013870","지엠비코리아","KOSPI","운수장비","5950","270","4.75","113480066000"
"071320","지역난방공사","KOSPI","전기가스업","38250","50","0.13","442886958000"
"010580","지코","KOSPI","운수장비","1530","0","0.00","100210979160"
"035000","지투알","KOSPI","서비스업","7060","10","0.14","116965907540"
"088790","진도","KOSPI","유통업","2790","45","1.64","34729205760"
"003780","진양산업","KOSPI","화학","8250","100","1.23","107250000000"
"010640","진양폴리","KOSPI","화학","6500","270","4.33","65000000000"
"100250","진양홀딩스","KOSPI","화학","3820","25","0.66","213520015440"
"051630","진양화학","KOSPI","화학","5240","150","2.95","62880000000"
"272450","진에어","KOSPI","운수창고업","15950","200","1.27","832590000000"
"011000","진원생명과학","KOSPI","의약품","16550","-950","-5.43","1279052252200"
"002780","진흥기업","KOSPI","건설업","2060","15","0.73","299671794700"
"002787","진흥기업2우B","KOSPI","건설업","14300","50","0.35","4215754400"
"002785","진흥기업우B","KOSPI","건설업","5810","-10","-0.17","4980436580"
"009310","참엔지니어링","KOSPI","기계","1210","20","1.68","67189562440"
"000650","천일고속","KOSPI","운수창고업","67500","300","0.45","96472350000"
"033250","체시스","KOSPI","운수장비","1215","5","0.41","38880000000"
"035720","카카오","KOSPI","서비스업","114500","1500","1.33","51042368416500"
"323410","카카오뱅크","KOSPI","은행","60200","-300","-0.50","28604586067400"
"377300","카카오페이","KOSPI","기타금융","169000","-5500","-3.15","22288240520000"
"006380","카프로","KOSPI","화학","4990","635","14.58","199600000000"
"109070","컨버즈","KOSPI","종이목재","4100","0","0.00","71952027500"
"001620","케이비아이동국실업","KOSPI","운수장비","801","8","1.01","69861599577"
"029460","케이씨","KOSPI","의료정밀","22650","500","2.26","306999096600"
"281820","케이씨텍","KOSPI","의료정밀","23800","-200","-0.83","496505032800"
"381970","케이카","KOSPI","유통업","32250","-300","-0.92","1550790689250"
"145270","케이탑리츠","KOSPI","서비스업","1495","30","2.05","69105069865"
"357120","코람코에너지리츠","KOSPI","서비스업","6410","-60","-0.93","446264200000"
"007815","코리아써우","KOSPI","전기전자","8390","180","2.19","24873749100"
"007810","코리아써키트","KOSPI","전기전자","28600","350","1.24","675553478600"
"00781K","코리아써키트2우B","KOSPI","전기전자","9450","-100","-1.05","7405955550"
"003690","코리안리","KOSPI","보험","9550","60","0.63","1149525057800"
"192820","코스맥스","KOSPI","화학","89100","-400","-0.45","1011241251900"
"044820","코스맥스비티아이","KOSPI","기타금융","12950","0","0.00","124370776950"
"005070","코스모신소재","KOSPI","화학","43700","-100","-0.23","1314797049300"
"005420","코스모화학","KOSPI","화학","14600","-250","-1.68","406758292200"
"071950","코아스","KOSPI","기타제조업","1105","-5","-0.45","34152467050"
"002020","코오롱","KOSPI","기타금융","31600","50","0.16","398995061600"
"003070","코오롱글로벌","KOSPI","건설업","22200","-400","-1.77","559671723600"
"003075","코오롱글로벌우","KOSPI","건설업","30200","-200","-0.66","9446650600"
"002025","코오롱우","KOSPI","기타금융","20600","150","0.73","22173634000"
"120110","코오롱인더","KOSPI","화학","73000","700","0.97","2008893643000"
"120115","코오롱인더우","KOSPI","화학","35700","200","0.56","98812602000"
"138490","코오롱플라스틱","KOSPI","화학","13700","1000","7.87","520600000000"
"021240","코웨이","KOSPI","서비스업","77400","-200","-0.26","5712090510600"
"031820","콤텍시스템","KOSPI","서비스업","909","4","0.44","110035782594"
"192400","쿠쿠홀딩스","KOSPI","기타금융","19350","350","1.84","688128279750"
"284740","쿠쿠홈시스","KOSPI","서비스업","38900","450","1.17","872812137000"
"015590","큐로","KOSPI","기계","449","1","0.22","103814025462"
"264900","크라운제과","KOSPI","음식료품","9300","80","0.87","116471805000"
"26490K","크라운제과우","KOSPI","음식료품","13000","50","0.39","10056280000"
"005740","크라운해태홀딩스","KOSPI","기타금융","8590","160","1.90","127538710730"
"005745","크라운해태홀딩스우","KOSPI","기타금융","12850","50","0.39","7719329100"
"259960","크래프톤","KOSPI","서비스업","463000","-1000","-0.22","22671741835000"
"020120","키다리스튜디오","KOSPI","서비스업","14950","-200","-1.32","498415538400"
"039490","키움증권","KOSPI","증권","109500","0","0.00","2871036673500"
"014580","태경비케이","KOSPI","비금속광물","5120","40","0.79","141225472000"
"015890","태경산업","KOSPI","화학","6800","40","0.59","198755500000"
"006890","태경케미컬","KOSPI","화학","12450","0","0.00","144420000000"
"003240","태광산업","KOSPI","화학","994000","14000","1.43","1106719600000"
"011280","태림포장","KOSPI","종이목재","4370","-35","-0.79","309421957800"
"004100","태양금속","KOSPI","운수장비","1345","25","1.89","49361500000"
"004105","태양금속우","KOSPI","운수장비","2450","-35","-1.41","8085000000"
"009410","태영건설","KOSPI","건설업","10750","250","2.38","418165303500"
"009415","태영건설우","KOSPI","건설업","12600","350","2.86","16406989200"
"001420","태원물산","KOSPI","운수장비","5460","30","0.55","41496000000"
"007980","태평양물산","KOSPI","섬유의복","2170","-5","-0.23","104484603790"
"055490","테이팩스","KOSPI","화학","78200","600","0.77","368920230000"
"078000","텔코웨어","KOSPI","서비스업","11100","-50","-0.45","107700036600"
"214420","토니모리","KOSPI","화학","4730","-10","-0.21","86955000330"
"019180","티에이치엔","KOSPI","전기전자","4450","170","3.97","80100000000"
"363280","티와이홀딩스","KOSPI","기타금융","26000","0","0.00","1044461990000"
"36328K","티와이홀딩스우","KOSPI","기타금융","22800","100","0.44","28621706400"
"091810","티웨이항공","KOSPI","운수창고업","3105","65","2.14","342575516295"
"004870","티웨이홀딩스","KOSPI","비금속광물","913","-37","-3.89","70732088471"
"005690","파미셀","KOSPI","의약품","13200","-350","-2.58","791458140000"
"036580","팜스코","KOSPI","음식료품","5930","20","0.34","217796701990"
"004720","팜젠사이언스","KOSPI","의약품","10550","0","0.00","160712507150"
"028670","팬오션","KOSPI","운수창고업","5540","40","0.73","2961515096480"
"010820","퍼스텍","KOSPI","기계","2225","15","0.68","106936748500"
"016800","퍼시스","KOSPI","기타제조업","36200","-150","-0.41","416300000000"
"001020","페이퍼코리아","KOSPI","종이목재","1670","10","0.60","68303265530"
"090080","평화산업","KOSPI","운수장비","1820","-15","-0.82","99922111380"
"010770","평화홀딩스","KOSPI","운수장비","4595","50","1.10","67204016270"
"058430","포스코강판","KOSPI","철강금속","55300","0","0.00","331800000000"
"047050","포스코인터내셔널","KOSPI","유통업","22900","-350","-1.51","2825290912100"
"003670","포스코케미칼","KOSPI","비금속광물","144000","1500","1.05","11154703680000"
"007630","폴루스바이오팜","KOSPI","유통업","1225","0","0.00","55134426375"
"017810","풀무원","KOSPI","음식료품","17450","-50","-0.29","665203457900"
"103140","풍산","KOSPI","철강금속","31450","250","0.80","881363543100"
"005810","풍산홀딩스","KOSPI","기타금융","29150","-50","-0.17","303437741200"
"950210","프레스티지바이오파마","KOSPI","서비스업","20500","0","0.00","1231971177500"
"009810","플레이그램","KOSPI","유통업","2135","85","4.15","191545935910"
"086790","하나금융지주","KOSPI","기타금융","44450","100","0.23","13345759655900"
"293480","하나제약","KOSPI","의약품","19950","50","0.25","354570272700"
"039130","하나투어","KOSPI","서비스업","74900","500","0.67","1044044956500"
"172580","하이골드12호","KOSPI","서비스업","2785","0","0.00","36328932500"
"153360","하이골드3호","KOSPI","서비스업","2625","35","1.35","42393198750"
"352820","하이브","KOSPI","서비스업","340500","-500","-0.15","14080828273500"
"071090","하이스틸","KOSPI","철강금속","2760","50","1.85","55198454400"
"019490","하이트론","KOSPI","전기전자","4615","80","1.76","44355798760"
"000080","하이트진로","KOSPI","음식료품","30450","250","0.83","2135568454950"
"000087","하이트진로2우B","KOSPI","음식료품","19250","50","0.26","21755156500"
"000140","하이트진로홀딩스","KOSPI","기타금융","12300","50","0.41","285443209500"
"000145","하이트진로홀딩스우","KOSPI","기타금융","15700","0","0.00","7391717000"
"152550","한국ANKOR유전","KOSPI","기타금융","1600","0","0.00","112032000000"
"036460","한국가스공사","KOSPI","전기가스업","38400","-550","-1.41","3544819200000"
"005430","한국공항","KOSPI","운수창고업","42450","700","1.68","134411769750"
"071050","한국금융지주","KOSPI","기타금융","84900","1400","1.68","4731136720800"
"071055","한국금융지주우","KOSPI","기타금융","69900","600","0.87","409491744900"
"010040","한국내화","KOSPI","비금속광물","3440","15","0.44","141270693280"
"025540","한국단자","KOSPI","전기전자","74600","2500","3.47","776959000000"
"004090","한국석유","KOSPI","비금속광물","11500","350","3.14","145982380000"
"002200","한국수출포장","KOSPI","종이목재","25150","350","1.41","100600000000"
"002960","한국쉘석유","KOSPI","화학","275000","3500","1.29","357500000000"
"000240","한국앤컴퍼니","KOSPI","기타금융","16150","250","1.57","1533204126000"
"123890","한국자산신탁","KOSPI","기타금융","4255","15","0.35","527525334760"
"015760","한국전력","KOSPI","전기가스업","21500","150","0.70","13802227655500"
"006200","한국전자홀딩스","KOSPI","기타금융","2090","-80","-3.69","97818554240"
"009540","한국조선해양","KOSPI","운수장비","93700","-500","-0.53","6631440969200"
"023350","한국종합기술","KOSPI","서비스업","6890","10","0.15","75445500000"
"025890","한국주강","KOSPI","기계","5500","-90","-1.61","62200924500"
"000970","한국주철관","KOSPI","철강금속","9020","40","0.45","205660510000"
"104700","한국철강","KOSPI","철강금속","7760","30","0.39","357348000000"
"017960","한국카본","KOSPI","기계","10600","0","0.00","465984024200"
"161890","한국콜마","KOSPI","화학","41300","200","0.49","944992734000"
"024720","한국콜마홀딩스","KOSPI","기타금융","19350","200","1.04","359459512650"
"161390","한국타이어앤테크놀로지","KOSPI","화학","40800","1250","3.16","5054102815200"
"034830","한국토지신탁","KOSPI","기타금융","2545","-25","-0.97","642585090350"
"007280","한국특강","KOSPI","철강금속","3355","15","0.45","178628506980"
"168490","한국패러랠","KOSPI","기타금융","2140","0","0.00","171242800000"
"010100","한국프랜지","KOSPI","운수장비","2670","80","3.09","81302621400"
"047810","한국항공우주","KOSPI","운수장비","31750","-150","-0.47","3094834647250"
"123690","한국화장품","KOSPI","유통업","8630","60","0.70","138666840000"
"003350","한국화장품제조","KOSPI","화학","25650","450","1.79","116245800000"
"011500","한농화성","KOSPI","화학","16100","350","2.22","251756376200"
"002390","한독","KOSPI","의약품","22400","-200","-0.88","308303139200"
"014790","한라","KOSPI","건설업","5370","20","0.37","203300687370"
"060980","한라홀딩스","KOSPI","기타금융","48400","1200","2.54","506848188000"
"053690","한미글로벌","KOSPI","서비스업","11900","100","0.85","130394845000"
"042700","한미반도체","KOSPI","기계","36100","0","0.00","1785501559700"
"008930","한미사이언스","KOSPI","기타금융","54900","200","0.37","3695023143900"
"128940","한미약품","KOSPI","의약품","277000","-1000","-0.36","3345684114000"
"009240","한샘","KOSPI","유통업","97700","-800","-0.81","2299264765600"
"020000","한섬","KOSPI","섬유의복","35750","550","1.56","880522500000"
"003680","한성기업","KOSPI","음식료품","6230","0","0.00","38685278450"
"105630","한세실업","KOSPI","섬유의복","21650","0","0.00","866000000000"
"069640","한세엠케이","KOSPI","유통업","4115","35","0.86","53121860030"
"016450","한세예스24홀딩스","KOSPI","섬유의복","7370","160","2.22","294800000000"
"010420","한솔PNS","KOSPI","유통업","1935","35","1.84","39653978220"
"009180","한솔로지스틱스","KOSPI","운수창고업","4030","-45","-1.10","110734022750"
"213500","한솔제지","KOSPI","종이목재","13800","300","2.22","328447948800"
"014680","한솔케미칼","KOSPI","화학","302500","-500","-0.17","3428896487500"
"004710","한솔테크닉스","KOSPI","전기전자","7440","-10","-0.13","238897492320"
"004150","한솔홀딩스","KOSPI","기타금융","3500","-15","-0.43","147030019500"
"025750","한솔홈데코","KOSPI","종이목재","1655","15","0.91","133335321595"
"004960","한신공영","KOSPI","건설업","16200","400","2.53","187445372400"
"011700","한신기계","KOSPI","기계","3545","-55","-1.53","115021605295"
"001750","한양증권","KOSPI","증권","16550","150","0.91","210657237700"
"001755","한양증권우","KOSPI","증권","19800","100","0.51","10395000000"
"018880","한온시스템","KOSPI","기계","14000","800","6.06","7473200000000"
"009420","한올바이오파마","KOSPI","의약품","20700","50","0.24","1081381206600"
"014130","한익스프레스","KOSPI","운수창고업","6490","130","2.04","77880000000"
"300720","한일시멘트","KOSPI","비금속광물","21000","-500","-2.33","1454492340000"
"002220","한일철강","KOSPI","철강금속","2670","40","1.52","71282218200"
"006390","한일현대시멘트","KOSPI","비금속광물","33700","150","0.45","599001829500"
"003300","한일홀딩스","KOSPI","비금속광물","14450","0","0.00","416388021000"
"051600","한전KPS","KOSPI","건설업","38250","250","0.66","1721250000000"
"052690","한전기술","KOSPI","서비스업","85000","-1700","-1.96","3248700000000"
"130660","한전산업","KOSPI","서비스업","12150","200","1.67","396090000000"
"002320","한진","KOSPI","운수창고업","30100","350","1.18","449923602800"
"097230","한진중공업","KOSPI","건설업","7880","0","0.00","656201334280"
"003480","한진중공업홀딩스","KOSPI","전기가스업","3910","50","1.30","115461564920"
"180640","한진칼","KOSPI","운수창고업","57400","-800","-1.37","3830811310200"
"18064K","한진칼우","KOSPI","운수창고업","32750","450","1.39","17579086500"
"005110","한창","KOSPI","유통업","1015","10","1.00","67792123035"
"009460","한창제지","KOSPI","종이목재","2035","35","1.75","121423334010"
"372910","한컴라이프케어","KOSPI","의료정밀","9150","-80","-0.87","253220814900"
"000880","한화","KOSPI","화학","31950","200","0.63","2394931583250"
"00088K","한화3우B","KOSPI","화학","16700","150","0.91","375282400000"
"088350","한화생명","KOSPI","보험","3050","10","0.33","2649016500000"
"000370","한화손해보험","KOSPI","보험","3735","30","0.81","436019847525"
"009830","한화솔루션","KOSPI","화학","35950","250","0.70","6876461967150"
"009835","한화솔루션우","KOSPI","화학","36200","100","0.28","40679279400"
"272210","한화시스템","KOSPI","전기전자","15550","50","0.32","2937696498950"
"012450","한화에어로스페이스","KOSPI","운수장비","46750","650","1.41","2366952500000"
"000885","한화우","KOSPI","화학","38850","0","0.00","18620571900"
"003530","한화투자증권","KOSPI","증권","6330","40","0.64","1358087415750"
"003535","한화투자증권우","KOSPI","증권","13550","50","0.37","65040000000"
"195870","해성디에스","KOSPI","전기전자","48750","-1050","-2.11","828750000000"
"101530","해태제과식품","KOSPI","음식료품","7930","10","0.13","230896398460"
"143210","핸즈코퍼레이션","KOSPI","운수장비","5060","10","0.20","110628136080"
"000720","현대건설","KOSPI","건설업","45350","-150","-0.33","5049983942750"
"267270","현대건설기계","KOSPI","기계","40000","-450","-1.11","788031720000"
"000725","현대건설우","KOSPI","건설업","74100","-600","-0.80","78152751300"
"005440","현대그린푸드","KOSPI","유통업","8600","200","2.38","840258545200"
"086280","현대글로비스","KOSPI","운수창고업","171500","1500","0.88","6431250000000"
"042670","현대두산인프라코어","KOSPI","기계","6990","-120","-1.69","575458027020"
"064350","현대로템","KOSPI","운수장비","20550","200","0.98","2242874121150"
"079430","현대리바트","KOSPI","기타제조업","14750","50","0.34","302895409500"
"012330","현대모비스","KOSPI","운수장비","263000","6500","2.53","24872723722000"
"010620","현대미포조선","KOSPI","운수장비","69400","-300","-0.43","2771985140600"
"069960","현대백화점","KOSPI","유통업","74600","200","0.27","1745822098600"
"004560","현대비앤지스틸","KOSPI","철강금속","17450","900","5.44","263125251950"
"004565","현대비앤지스틸우","KOSPI","철강금속","72300","1700","2.41","7942299600"
"004310","현대약품","KOSPI","의약품","5610","-20","-0.36","179520000000"
"322000","현대에너지솔루션","KOSPI","전기전자","20450","150","0.74","229040000000"
"017800","현대엘리베이","KOSPI","기계","41400","250","0.61","1689748907400"
"307950","현대오토에버","KOSPI","서비스업","135500","1500","1.12","3715949561000"
"011210","현대위아","KOSPI","운수장비","83200","6600","8.62","2262630905600"
"267260","현대일렉트릭","KOSPI","전기전자","20100","-400","-1.95","724547413500"
"004020","현대제철","KOSPI","철강금속","42600","200","0.47","5684790441000"
"329180","현대중공업","KOSPI","운수장비","92700","400","0.43","8229267853200"
"267250","현대중공업지주","KOSPI","화학","58100","700","1.22","4589498238500"
"005380","현대차","KOSPI","운수장비","215500","6500","3.11","46045494298500"
"005387","현대차2우B","KOSPI","운수장비","105000","3000","2.94","3830972355000"
"005389","현대차3우B","KOSPI","운수장비","97100","1800","1.89","235830168500"
"005385","현대차우","KOSPI","운수장비","102000","2100","2.10","2484381870000"
"001500","현대차증권","KOSPI","증권","12850","50","0.39","407506421700"
"011760","현대코퍼레이션","KOSPI","유통업","16950","200","1.19","224230973700"
"227840","현대코퍼레이션홀딩스","KOSPI","유통업","12400","100","0.81","112850366400"
"126560","현대퓨처넷","KOSPI","서비스업","4200","5","0.12","474081703200"
"001450","현대해상","KOSPI","보험","24750","0","0.00","2212650000000"
"057050","현대홈쇼핑","KOSPI","유통업","65100","400","0.62","781200000000"
"093240","형지엘리트","KOSPI","섬유의복","3655","75","2.09","113870786690"
"003010","혜인","KOSPI","유통업","5590","60","1.08","71064255730"
"111110","호전실업","KOSPI","섬유의복","10050","100","1.01","94766223750"
"008770","호텔신라","KOSPI","유통업","77900","300","0.39","3057428625900"
"008775","호텔신라우","KOSPI","유통업","76500","1000","1.32","57518743500"
"002460","화성산업","KOSPI","건설업","13400","250","1.90","166840720000"
"378850","화승알앤에이","KOSPI","운수장비","5140","0","0.00","97627222220"
"241590","화승엔터프라이즈","KOSPI","기타제조업","16050","-250","-1.53","972161420250"
"006060","화승인더","KOSPI","화학","6090","40","0.66","336898800000"
"013520","화승코퍼레이션","KOSPI","운수장비","2080","60","2.97","104106604160"
"010690","화신","KOSPI","운수장비","8480","560","7.07","296125076800"
"133820","화인베스틸","KOSPI","철강금속","3005","5","0.17","88797750000"
"010660","화천기계","KOSPI","기계","2475","85","3.56","54450000000"
"000850","화천기공","KOSPI","기계","35400","150","0.43","77880000000"
"016580","환인제약","KOSPI","의약품","17250","0","0.00","320851207500"
"032560","황금에스티","KOSPI","철강금속","8390","80","0.96","134240000000"
"004800","효성","KOSPI","기타금융","103000","3000","3.00","2170315575000"
"094280","효성ITX","KOSPI","서비스업","20000","-200","-0.99","231164000000"
"298040","효성중공업","KOSPI","전기전자","59400","400","0.68","553878151200"
"298050","효성첨단소재","KOSPI","화학","639000","4000","0.63","2862686772000"
"298020","효성티앤씨","KOSPI","화학","547000","4000","0.74","2367242054000"
"298000","효성화학","KOSPI","화학","306500","5000","1.66","977773619000"
"093370","후성","KOSPI","화학","21500","600","2.87","1991046608500"
"081660","휠라홀딩스","KOSPI","유통업","35200","350","1.00","2138478214400"
"005870","휴니드","KOSPI","전기전자","8140","150","1.88","114904362100"
"079980","휴비스","KOSPI","화학","8790","0","0.00","303255000000"
"005010","휴스틸","KOSPI","철강금속","14100","150","1.08","110510371500"
"069260","휴켐스","KOSPI","화학","24000","300","1.27","981086112000"
"000540","흥국화재","KOSPI","보험","3620","15","0.42","232558374900"
"000547","흥국화재2우B","KOSPI","보험","27300","-950","-3.36","4193280000"
"000545","흥국화재우","KOSPI","보험","8140","120","1.50","6251520000"
"003280","흥아해운","KOSPI","운수창고업","2795","65","2.38","671987592705"